date,Blockchain,Bitcoin,Etherium,crypto,cryptocurrency,isPartial
2014-01-01,1,28,0,1,0,False
2014-01-02,1,32,0,2,1,False
2014-01-03,1,35,0,1,1,False
2014-01-04,1,29,0,1,1,False
2014-01-05,1,34,0,1,1,False
2014-01-06,1,42,0,2,1,False
2014-01-07,1,40,0,2,1,False
2014-01-08,1,39,0,2,1,False
2014-01-09,1,38,0,2,0,False
2014-01-10,1,39,0,2,1,False
2014-01-11,1,33,0,1,1,False
2014-01-12,1,31,0,2,1,False
2014-01-13,1,33,0,2,0,False
2014-01-14,1,34,0,2,1,False
2014-01-15,1,35,0,2,1,False
2014-01-16,1,41,0,2,1,False
2014-01-17,1,41,0,2,1,False
2014-01-18,1,30,0,1,1,False
2014-01-19,1,31,0,2,0,False
2014-01-20,1,37,0,2,1,False
2014-01-21,1,38,0,2,1,False
2014-01-22,1,43,0,2,1,False
2014-01-23,1,38,0,2,1,False
2014-01-24,1,37,0,2,1,False
2014-01-25,1,31,0,2,1,False
2014-01-26,1,30,0,2,1,False
2014-01-27,1,44,0,2,1,False
2014-01-28,1,48,0,2,1,False
2014-01-29,1,36,0,2,1,False
2014-01-30,1,33,0,2,1,False
2014-01-31,1,29,0,2,1,False
2014-02-01,1,27,0,2,1,False
2014-02-02,1,28,0,1,1,False
2014-02-03,1,27,0,2,1,False
2014-02-04,1,28,0,2,1,False
2014-02-05,1,29,0,2,1,False
2014-02-06,1,31,0,2,1,False
2014-02-07,1,42,0,2,1,False
2014-02-08,1,33,0,2,1,False
2014-02-09,1,33,0,2,1,False
2014-02-10,1,48,0,2,1,False
2014-02-11,1,44,0,2,1,False
2014-02-12,1,39,0,2,1,False
2014-02-13,1,35,0,2,1,False
2014-02-14,1,46,0,2,1,False
2014-02-15,1,32,0,2,1,False
2014-02-16,1,32,0,2,1,False
2014-02-17,1,31,0,2,1,False
2014-02-18,1,34,0,2,1,False
2014-02-19,1,32,0,2,1,False
2014-02-20,1,37,0,2,1,False
2014-02-21,1,33,0,2,1,False
2014-02-22,1,29,0,1,1,False
2014-02-23,1,26,0,1,1,False
2014-02-24,1,42,0,2,1,False
2014-02-25,1,100,0,2,1,False
2014-02-26,1,74,0,2,1,False
2014-02-27,1,48,0,2,1,False
2014-02-28,1,68,0,2,1,False
2014-03-01,1,50,0,2,1,False
2014-03-02,1,37,0,2,1,False
2014-03-03,1,37,0,2,1,False
2014-03-04,1,37,0,2,1,False
2014-03-05,1,44,0,2,1,False
2014-03-06,1,64,0,2,1,False
2014-03-07,1,77,0,2,1,False
2014-03-08,1,37,0,2,0,False
2014-03-09,1,30,0,1,1,False
2014-03-10,1,31,0,2,1,False
2014-03-11,1,28,0,2,1,False
2014-03-12,1,27,0,2,1,False
2014-03-13,1,25,0,2,0,False
2014-03-14,1,22,0,2,1,False
2014-03-15,1,21,0,1,0,False
2014-03-16,1,19,0,1,0,False
2014-03-17,1,21,0,2,1,False
2014-03-18,2,22,0,1,1,False
2014-03-19,1,22,0,2,1,False
2014-03-20,1,24,0,2,1,False
2014-03-21,1,29,0,2,1,False
2014-03-22,1,22,0,1,1,False
2014-03-23,1,18,0,1,0,False
2014-03-24,1,21,0,2,1,False
2014-03-25,1,26,0,2,1,False
2014-03-26,1,27,0,2,1,False
2014-03-27,1,26,0,2,1,False
2014-03-28,1,24,0,2,1,False
2014-03-29,1,19,0,1,1,False
2014-03-30,1,22,0,1,0,False
2014-03-31,1,22,0,1,1,False
2014-04-01,1,20,0,2,0,False
2014-04-02,1,21,0,2,1,False
2014-04-03,1,21,0,2,1,False
2014-04-04,1,18,0,2,1,False
2014-04-05,0,15,0,2,0,False
2014-04-06,1,16,0,1,0,False
2014-04-07,1,17,0,1,0,False
2014-04-08,1,18,0,2,0,False
2014-04-09,1,20,0,2,0,False
2014-04-10,1,23,0,2,1,False
2014-04-11,1,21,0,2,0,False
2014-04-12,0,16,0,2,0,False
2014-04-13,1,17,0,1,0,False
2014-04-14,1,18,0,2,0,False
2014-04-15,1,18,0,2,0,False
2014-04-16,1,20,0,2,1,False
2014-04-17,1,19,0,2,0,False
2014-04-18,0,17,0,2,0,False
2014-04-19,1,16,0,1,0,False
2014-04-20,1,15,0,1,1,False
2014-04-21,1,15,0,2,0,False
2014-04-22,1,15,0,2,0,False
2014-04-23,1,16,0,2,0,False
2014-04-24,0,16,0,1,0,False
2014-04-25,0,16,0,1,0,False
2014-04-26,0,14,0,1,0,False
2014-04-27,0,14,0,1,0,False
2014-04-28,1,15,0,2,0,False
2014-04-29,1,15,0,2,0,False
2014-04-30,1,17,0,2,0,False
2014-05-01,1,15,0,1,0,False
2014-05-02,0,13,0,2,0,False
2014-05-03,0,12,0,1,0,False
2014-05-04,0,12,0,1,0,False
2014-05-05,1,16,0,1,1,False
2014-05-06,1,15,0,1,0,False
2014-05-07,0,14,0,2,0,False
2014-05-08,1,14,0,2,0,False
2014-05-09,1,15,0,2,0,False
2014-05-10,1,11,0,1,0,False
2014-05-11,1,12,0,1,0,False
2014-05-12,1,12,0,1,0,False
2014-05-13,0,14,0,2,0,False
2014-05-14,1,14,0,2,0,False
2014-05-15,0,14,0,1,0,False
2014-05-16,1,14,0,1,0,False
2014-05-17,1,13,0,1,0,False
2014-05-18,1,12,0,1,0,False
2014-05-19,0,13,0,2,0,False
2014-05-20,1,15,0,2,0,False
2014-05-21,1,15,0,2,0,False
2014-05-22,0,15,0,2,0,False
2014-05-23,1,14,0,2,0,False
2014-05-24,1,11,0,1,0,False
2014-05-25,1,15,0,1,0,False
2014-05-26,1,17,0,1,0,False
2014-05-27,1,16,0,1,0,False
2014-05-28,0,17,0,2,0,False
2014-05-29,1,17,0,2,0,False
2014-05-30,1,17,0,2,0,False
2014-05-31,1,15,0,1,0,False
2014-06-01,1,16,0,1,0,False
2014-06-02,1,15,0,2,0,False
2014-06-03,1,17,0,2,0,False
2014-06-04,1,16,0,2,0,False
2014-06-05,1,15,0,2,0,False
2014-06-06,1,14,0,2,0,False
2014-06-07,1,12,0,1,0,False
2014-06-08,1,13,0,1,0,False
2014-06-09,1,12,0,1,0,False
2014-06-10,1,15,0,2,0,False
2014-06-11,1,16,0,2,0,False
2014-06-12,0,17,0,1,0,False
2014-06-13,1,18,0,1,0,False
2014-06-14,1,15,0,1,0,False
2014-06-15,1,14,0,1,0,False
2014-06-16,1,17,0,2,0,False
2014-06-17,1,15,0,1,0,False
2014-06-18,1,15,0,2,0,False
2014-06-19,1,14,0,2,0,False
2014-06-20,0,13,0,2,0,False
2014-06-21,0,11,0,1,0,False
2014-06-22,1,12,0,1,0,False
2014-06-23,1,11,0,2,0,False
2014-06-24,1,11,0,1,0,False
2014-06-25,0,12,0,1,0,False
2014-06-26,0,12,0,1,0,False
2014-06-27,1,14,0,1,0,False
2014-06-28,0,13,0,1,0,False
2014-06-29,1,12,0,1,0,False
2014-06-30,1,15,0,2,0,False
2014-07-01,1,15,0,1,0,False
2014-07-02,1,16,0,1,0,False
2014-07-03,1,14,0,1,0,False
2014-07-04,0,13,0,2,0,False
2014-07-05,0,11,0,1,0,False
2014-07-06,0,13,0,1,0,False
2014-07-07,1,14,0,2,0,False
2014-07-08,0,12,0,1,0,False
2014-07-09,0,12,0,1,0,False
2014-07-10,0,13,0,1,0,False
2014-07-11,1,13,0,1,0,False
2014-07-12,0,12,0,1,0,False
2014-07-13,1,11,0,1,0,False
2014-07-14,1,12,0,1,0,False
2014-07-15,0,12,0,1,0,False
2014-07-16,1,16,0,2,0,False
2014-07-17,0,14,0,1,0,False
2014-07-18,0,14,0,1,0,False
2014-07-19,1,14,0,1,0,False
2014-07-20,0,13,0,1,0,False
2014-07-21,1,12,0,2,0,False
2014-07-22,1,14,0,1,0,False
2014-07-23,1,13,0,1,0,False
2014-07-24,1,13,0,1,0,False
2014-07-25,0,12,0,1,0,False
2014-07-26,1,11,0,1,0,False
2014-07-27,0,11,0,1,0,False
2014-07-28,1,13,0,1,0,False
2014-07-29,1,13,0,1,0,False
2014-07-30,1,14,0,1,0,False
2014-07-31,1,13,0,2,0,False
2014-08-01,1,12,0,2,0,False
2014-08-02,0,11,0,1,0,False
2014-08-03,1,12,0,1,0,False
2014-08-04,1,11,0,1,0,False
2014-08-05,1,14,0,2,0,False
2014-08-06,1,14,0,2,0,False
2014-08-07,1,14,0,2,0,False
2014-08-08,1,13,0,2,0,False
2014-08-09,1,12,0,1,0,False
2014-08-10,1,12,0,1,0,False
2014-08-11,1,13,0,2,0,False
2014-08-12,1,13,0,1,0,False
2014-08-13,1,20,0,1,0,False
2014-08-14,1,15,0,1,0,False
2014-08-15,1,16,0,1,0,False
2014-08-16,1,16,0,1,0,False
2014-08-17,1,14,0,1,0,False
2014-08-18,1,17,0,1,0,False
2014-08-19,1,15,0,2,0,False
2014-08-20,1,16,0,1,0,False
2014-08-21,1,13,0,1,0,False
2014-08-22,1,14,0,1,0,False
2014-08-23,1,12,0,1,0,False
2014-08-24,1,12,0,1,0,False
2014-08-25,1,12,0,1,0,False
2014-08-26,1,13,0,1,0,False
2014-08-27,1,11,0,1,0,False
2014-08-28,0,12,0,1,0,False
2014-08-29,1,12,0,1,0,False
2014-08-30,0,12,0,1,0,False
2014-08-31,1,13,0,1,0,False
2014-09-01,1,15,0,1,0,False
2014-09-02,1,45,0,4,1,False
2014-09-03,2,46,0,5,1,False
2014-09-04,2,47,0,6,0,False
2014-09-05,1,45,0,5,0,False
2014-09-06,1,41,0,4,1,False
2014-09-07,2,45,1,4,1,False
2014-09-08,2,42,0,6,1,False
2014-09-09,2,49,1,5,1,False
2014-09-10,3,58,1,5,0,False
2014-09-11,2,63,0,5,1,False
2014-09-12,3,48,1,4,1,False
2014-09-13,1,40,0,4,1,False
2014-09-14,2,43,0,3,1,False
2014-09-15,2,43,0,5,1,False
2014-09-16,2,41,0,5,1,False
2014-09-17,3,40,0,5,1,False
2014-09-18,2,43,0,4,1,False
2014-09-19,2,52,0,6,1,False
2014-09-20,2,42,0,3,1,False
2014-09-21,2,41,0,3,1,False
2014-09-22,2,45,0,5,0,False
2014-09-23,2,51,0,6,0,False
2014-09-24,1,54,0,5,1,False
2014-09-25,1,46,0,5,1,False
2014-09-26,2,42,0,4,0,False
2014-09-27,3,39,0,3,0,False
2014-09-28,2,40,0,3,1,False
2014-09-29,2,51,0,5,1,False
2014-09-30,2,48,0,5,1,False
2014-10-01,2,44,0,6,0,False
2014-10-02,2,42,0,4,1,False
2014-10-03,2,48,0,3,1,False
2014-10-04,2,47,0,3,0,False
2014-10-05,2,59,0,4,1,False
2014-10-06,2,65,0,4,1,False
2014-10-07,3,55,0,5,1,False
2014-10-08,3,50,0,5,1,False
2014-10-09,2,49,0,5,1,False
2014-10-10,3,45,0,3,1,False
2014-10-11,1,46,0,4,1,False
2014-10-12,3,42,0,5,0,False
2014-10-13,2,45,0,4,1,False
2014-10-14,1,50,0,5,1,False
2014-10-15,2,51,0,6,0,False
2014-10-16,2,45,0,5,1,False
2014-10-17,3,43,0,6,1,False
2014-10-18,2,41,0,2,1,False
2014-10-19,2,40,0,3,0,False
2014-10-20,2,37,0,5,1,False
2014-10-21,2,38,0,6,0,False
2014-10-22,2,40,0,6,1,False
2014-10-23,2,42,0,6,1,False
2014-10-24,3,38,0,4,0,False
2014-10-25,2,34,0,4,1,False
2014-10-26,2,39,0,4,1,False
2014-10-27,2,39,0,5,0,False
2014-10-28,3,39,0,7,1,False
2014-10-29,2,40,0,7,1,False
2014-10-30,1,41,0,5,0,False
2014-10-31,2,33,0,4,0,False
2014-11-01,2,36,0,3,1,False
2014-11-02,2,37,0,3,1,False
2014-11-03,2,42,0,5,1,False
2014-11-04,3,38,0,5,1,False
2014-11-05,2,39,0,5,0,False
2014-11-06,1,47,0,5,0,False
2014-11-07,2,43,0,5,0,False
2014-11-08,2,41,0,4,0,False
2014-11-09,2,43,0,4,0,False
2014-11-10,2,46,0,5,1,False
2014-11-11,1,43,0,6,0,False
2014-11-12,2,53,0,7,1,False
2014-11-13,3,55,0,6,1,False
2014-11-14,3,48,0,6,1,False
2014-11-15,1,43,0,5,0,False
2014-11-16,2,43,0,4,1,False
2014-11-17,2,41,0,6,1,False
2014-11-18,3,48,0,7,1,False
2014-11-19,2,46,0,7,0,False
2014-11-20,2,40,0,6,1,False
2014-11-21,2,43,0,5,1,False
2014-11-22,2,39,0,4,0,False
2014-11-23,3,37,0,5,1,False
2014-11-24,2,41,0,6,1,False
2014-11-25,2,39,0,8,1,False
2014-11-26,2,38,0,6,0,False
2014-11-27,2,40,0,6,1,False
2014-11-28,2,38,0,4,0,False
2014-11-29,2,38,0,3,0,False
2014-11-30,1,38,0,4,0,False
2014-12-01,2,41,0,5,0,False
2014-12-02,2,44,0,5,0,False
2014-12-03,2,42,0,5,0,False
2014-12-04,2,37,0,5,1,False
2014-12-05,3,38,0,4,0,False
2014-12-06,2,35,0,3,0,False
2014-12-07,3,41,0,4,1,False
2014-12-08,3,41,0,5,1,False
2014-12-09,3,44,0,4,1,False
2014-12-10,3,42,0,4,1,False
2014-12-11,2,59,0,6,0,False
2014-12-12,2,52,0,6,0,False
2014-12-13,1,43,0,3,0,False
2014-12-14,3,41,0,3,0,False
2014-12-15,2,44,0,6,1,False
2014-12-16,2,49,0,5,1,False
2014-12-17,3,48,0,6,1,False
2014-12-18,2,46,0,4,1,False
2014-12-19,2,43,0,3,1,False
2014-12-20,2,41,0,3,0,False
2014-12-21,2,43,0,3,1,False
2014-12-22,3,44,0,3,1,False
2014-12-23,2,42,0,5,1,False
2014-12-24,1,37,0,3,1,False
2014-12-25,2,39,1,3,0,False
2014-12-26,2,47,0,3,0,False
2014-12-27,2,100,0,5,1,False
2014-12-28,2,39,0,3,1,False
2014-12-29,2,41,0,4,1,False
2014-12-30,2,40,0,5,1,False
2014-12-31,2,39,0,3,1,False
2015-01-01,2,37,0,3,0,False
2015-01-02,2,41,0,3,0,False
2015-01-03,2,44,0,5,1,False
2015-01-04,2,51,0,5,1,False
2015-01-05,2,52,0,4,0,False
2015-01-06,3,55,0,5,0,False
2015-01-07,3,48,0,5,1,False
2015-01-08,2,43,0,5,0,False
2015-01-09,3,45,0,4,1,False
2015-01-10,2,48,0,4,1,False
2015-01-11,2,39,0,3,1,False
2015-01-12,2,42,0,5,1,False
2015-01-13,2,54,0,5,1,False
2015-01-14,3,80,0,5,1,False
2015-01-15,3,68,0,5,1,False
2015-01-16,3,55,0,5,1,False
2015-01-17,2,47,1,5,0,False
2015-01-18,2,39,0,4,0,False
2015-01-19,2,40,0,5,1,False
2015-01-20,3,42,0,5,1,False
2015-01-21,3,48,0,5,0,False
2015-01-22,4,46,0,5,0,False
2015-01-23,2,45,0,5,0,False
2015-01-24,2,39,0,4,1,False
2015-01-25,2,41,0,3,1,False
2015-01-26,3,61,0,4,1,False
2015-01-27,3,52,0,6,1,False
2015-01-28,2,45,1,5,1,False
2015-01-29,2,43,0,5,1,False
2015-01-30,3,41,0,5,0,False
2015-01-31,3,37,0,3,1,False
2015-02-01,2,41,0,3,1,False
2015-02-02,2,38,0,5,1,False
2015-02-03,3,43,0,5,1,False
2015-02-04,2,41,0,5,1,False
2015-02-05,2,47,0,5,1,False
2015-02-06,3,40,0,4,1,False
2015-02-07,2,47,0,4,1,False
2015-02-08,3,49,0,3,1,False
2015-02-09,2,46,0,6,1,False
2015-02-10,2,48,0,6,1,False
2015-02-11,2,43,0,6,1,False
2015-02-12,2,38,0,5,1,False
2015-02-13,3,38,0,4,1,False
2015-02-14,2,41,0,3,0,False
2015-02-15,2,43,0,5,1,False
2015-02-16,2,43,0,4,1,False
2015-02-17,3,42,0,4,1,False
2015-02-18,2,45,0,5,0,False
2015-02-19,2,41,0,5,1,False
2015-02-20,4,63,0,5,0,False
2015-02-21,3,43,0,4,1,False
2015-02-22,2,43,0,4,1,False
2015-02-23,2,38,0,4,1,False
2015-02-24,2,37,1,7,1,False
2015-02-25,2,37,0,6,1,False
2015-02-26,2,40,0,6,0,False
2015-02-27,2,38,0,6,1,False
2015-02-28,3,38,0,6,1,False
2015-03-01,2,39,0,5,1,False
2015-03-02,2,41,0,6,1,False
2015-03-03,2,47,0,5,1,False
2015-03-04,2,45,0,6,1,False
2015-03-05,2,42,0,5,1,False
2015-03-06,3,49,0,6,1,False
2015-03-07,2,52,0,5,1,False
2015-03-08,2,45,0,3,1,False
2015-03-09,2,43,0,5,1,False
2015-03-10,2,47,0,5,1,False
2015-03-11,2,43,0,5,1,False
2015-03-12,3,44,0,6,0,False
2015-03-13,2,42,0,4,1,False
2015-03-14,2,39,0,4,1,False
2015-03-15,3,40,0,4,1,False
2015-03-16,2,43,1,5,0,False
2015-03-17,2,40,1,6,1,False
2015-03-18,2,47,0,4,1,False
2015-03-19,3,45,1,6,0,False
2015-03-20,2,39,1,4,0,False
2015-03-21,3,37,1,4,0,False
2015-03-22,1,36,1,3,1,False
2015-03-23,3,43,1,5,1,False
2015-03-24,2,41,1,6,1,False
2015-03-25,2,38,3,5,1,False
2015-03-26,2,38,4,5,0,False
2015-03-27,2,34,3,6,1,False
2015-03-28,1,34,3,3,1,False
2015-03-29,2,34,2,5,1,False
2015-03-30,2,43,1,6,1,False
2015-03-31,2,42,1,4,0,False
2015-04-01,2,41,1,5,0,False
2015-04-02,3,38,1,6,1,False
2015-04-03,3,38,3,4,0,False
2015-04-04,2,35,4,4,0,False
2015-04-05,2,36,2,4,0,False
2015-04-06,2,37,3,4,1,False
2015-04-07,2,38,3,5,0,False
2015-04-08,2,38,1,5,1,False
2015-04-09,2,40,1,5,0,False
2015-04-10,2,39,1,4,1,False
2015-04-11,1,36,1,3,0,False
2015-04-12,2,37,1,4,1,False
2015-04-13,3,38,1,4,1,False
2015-04-14,3,42,0,5,1,False
2015-04-15,2,34,1,6,0,False
2015-04-16,3,37,1,5,0,False
2015-04-17,2,33,1,5,1,False
2015-04-18,2,34,1,3,1,False
2015-04-19,2,32,1,5,0,False
2015-04-20,2,36,1,5,1,False
2015-04-21,2,35,0,5,1,False
2015-04-22,2,37,0,5,1,False
2015-04-23,2,38,0,5,1,False
2015-04-24,2,33,0,4,0,False
2015-04-25,2,32,1,4,0,False
2015-04-26,2,35,0,4,0,False
2015-04-27,2,34,0,3,1,False
2015-04-28,2,35,0,7,1,False
2015-04-29,1,35,0,5,0,False
2015-04-30,3,42,0,5,0,False
2015-05-01,1,31,0,4,1,False
2015-05-02,1,27,0,2,1,False
2015-05-03,2,26,0,3,0,False
2015-05-04,2,30,0,3,0,False
2015-05-05,2,27,0,4,0,False
2015-05-06,2,27,0,4,1,False
2015-05-07,2,30,0,4,0,False
2015-05-08,2,25,0,4,0,False
2015-05-09,2,25,0,2,0,False
2015-05-10,2,26,0,3,0,False
2015-05-11,3,28,0,4,1,False
2015-05-12,3,27,0,3,0,False
2015-05-13,2,28,1,4,1,False
2015-05-14,3,34,1,4,0,False
2015-05-15,2,29,1,4,0,False
2015-05-16,2,26,1,3,1,False
2015-05-17,1,26,1,3,0,False
2015-05-18,2,30,0,3,1,False
2015-05-19,2,31,1,4,0,False
2015-05-20,2,31,0,4,0,False
2015-05-21,1,29,0,4,1,False
2015-05-22,2,28,0,3,0,False
2015-05-23,2,29,0,3,0,False
2015-05-24,2,29,0,2,1,False
2015-05-25,2,27,0,3,0,False
2015-05-26,3,28,0,3,0,False
2015-05-27,2,29,0,4,0,False
2015-05-28,2,27,1,5,0,False
2015-05-29,2,30,0,3,0,False
2015-05-30,2,36,0,3,0,False
2015-05-31,3,33,0,2,1,False
2015-06-01,2,27,0,4,0,False
2015-06-02,1,28,0,4,0,False
2015-06-03,2,27,0,3,1,False
2015-06-04,2,29,0,3,0,False
2015-06-05,2,29,0,4,0,False
2015-06-06,3,26,0,3,0,False
2015-06-07,3,28,0,2,0,False
2015-06-08,2,26,0,4,0,False
2015-06-09,3,30,0,5,1,False
2015-06-10,2,26,0,4,0,False
2015-06-11,3,26,0,5,0,False
2015-06-12,2,24,0,4,0,False
2015-06-13,2,23,0,2,1,False
2015-06-14,2,26,0,2,1,False
2015-06-15,2,27,0,4,0,False
2015-06-16,3,30,0,3,0,False
2015-06-17,2,30,0,4,0,False
2015-06-18,3,56,0,4,0,False
2015-06-19,2,33,1,4,1,False
2015-06-20,1,32,0,3,0,False
2015-06-21,2,28,1,3,0,False
2015-06-22,2,30,0,3,0,False
2015-06-23,2,30,0,3,0,False
2015-06-24,2,26,0,4,1,False
2015-06-25,2,32,0,4,1,False
2015-06-26,1,25,0,4,0,False
2015-06-27,1,28,1,5,0,False
2015-06-28,1,27,0,4,0,False
2015-06-29,2,32,0,4,0,False
2015-06-30,3,48,0,4,1,False
2015-07-01,1,38,0,4,1,False
2015-07-02,2,32,0,4,1,False
2015-07-03,2,34,0,3,1,False
2015-07-04,2,33,1,2,0,False
2015-07-05,2,39,0,2,0,False
2015-07-06,3,43,0,4,0,False
2015-07-07,3,38,0,4,1,False
2015-07-08,3,35,0,3,0,False
2015-07-09,2,34,0,5,1,False
2015-07-10,3,39,0,5,1,False
2015-07-11,3,37,0,3,0,False
2015-07-12,2,42,0,3,1,False
2015-07-13,3,39,2,4,0,False
2015-07-14,3,34,6,5,0,False
2015-07-15,3,34,4,4,0,False
2015-07-16,3,34,4,4,0,False
2015-07-17,2,31,3,4,0,False
2015-07-18,2,31,3,3,0,False
2015-07-19,3,34,3,2,1,False
2015-07-20,2,30,0,4,1,False
2015-07-21,3,30,0,4,0,False
2015-07-22,2,31,0,4,1,False
2015-07-23,2,27,0,3,1,False
2015-07-24,3,31,0,3,0,False
2015-07-25,2,28,0,3,1,False
2015-07-26,2,31,0,2,0,False
2015-07-27,2,34,0,3,0,False
2015-07-28,2,31,0,4,0,False
2015-07-29,2,33,0,3,0,False
2015-07-30,3,27,0,4,1,False
2015-07-31,2,29,0,4,1,False
2015-08-01,2,49,0,3,0,False
2015-08-02,2,40,0,3,0,False
2015-08-03,3,33,0,4,0,False
2015-08-04,3,34,0,4,0,False
2015-08-05,3,33,0,4,1,False
2015-08-06,2,30,1,4,0,False
2015-08-07,2,32,0,4,0,False
2015-08-08,2,29,0,3,1,False
2015-08-09,2,28,0,3,0,False
2015-08-10,3,28,0,4,1,False
2015-08-11,3,31,0,4,1,False
2015-08-12,3,29,0,3,0,False
2015-08-13,3,29,0,5,0,False
2015-08-14,3,28,0,4,0,False
2015-08-15,2,28,1,2,1,False
2015-08-16,3,29,0,3,0,False
2015-08-17,3,27,0,4,0,False
2015-08-18,3,35,0,4,1,False
2015-08-19,3,40,0,4,0,False
2015-08-20,2,39,0,4,0,False
2015-08-21,2,37,0,3,0,False
2015-08-22,2,31,0,2,1,False
2015-08-23,2,35,0,3,0,False
2015-08-24,3,39,0,3,0,False
2015-08-25,2,39,0,4,0,False
2015-08-26,3,36,0,4,1,False
2015-08-27,3,30,0,4,0,False
2015-08-28,3,30,0,5,0,False
2015-08-29,3,31,0,2,0,False
2015-08-30,2,28,0,3,1,False
2015-08-31,3,30,0,4,0,False
2015-09-01,4,31,0,3,0,False
2015-09-02,3,31,0,5,0,False
2015-09-03,3,28,1,5,0,False
2015-09-04,4,29,1,4,0,False
2015-09-05,2,30,0,3,0,False
2015-09-06,2,26,1,3,0,False
2015-09-07,3,28,0,3,1,False
2015-09-08,3,31,0,4,1,False
2015-09-09,3,32,0,4,0,False
2015-09-10,3,29,0,5,0,False
2015-09-11,3,28,0,4,0,False
2015-09-12,2,26,0,2,0,False
2015-09-13,2,27,0,2,1,False
2015-09-14,3,28,0,3,1,False
2015-09-15,3,30,0,3,1,False
2015-09-16,5,31,0,4,0,False
2015-09-17,4,31,0,4,0,False
2015-09-18,4,35,0,4,1,False
2015-09-19,2,30,0,3,0,False
2015-09-20,2,27,0,2,0,False
2015-09-21,4,30,0,4,1,False
2015-09-22,3,32,0,3,1,False
2015-09-23,3,31,0,4,0,False
2015-09-24,3,29,0,4,0,False
2015-09-25,4,29,0,4,0,False
2015-09-26,2,29,0,3,0,False
2015-09-27,2,27,0,3,0,False
2015-09-28,3,28,0,3,0,False
2015-09-29,3,30,0,4,0,False
2015-09-30,4,29,0,4,0,False
2015-10-01,3,27,0,3,1,False
2015-10-02,3,28,0,4,0,False
2015-10-03,2,28,0,2,0,False
2015-10-04,3,28,0,2,0,False
2015-10-05,4,29,0,4,1,False
2015-10-06,4,30,0,4,1,False
2015-10-07,3,29,0,5,1,False
2015-10-08,4,30,0,4,0,False
2015-10-09,4,29,0,4,0,False
2015-10-10,2,28,0,3,0,False
2015-10-11,3,25,0,3,0,False
2015-10-12,3,28,0,3,0,False
2015-10-13,3,30,0,4,1,False
2015-10-14,4,31,0,3,0,False
2015-10-15,4,28,0,3,1,False
2015-10-16,3,31,0,3,0,False
2015-10-17,3,33,0,3,0,False
2015-10-18,3,32,0,3,0,False
2015-10-19,5,30,0,5,1,False
2015-10-20,4,36,0,4,0,False
2015-10-21,4,32,0,5,1,False
2015-10-22,4,35,0,4,1,False
2015-10-23,4,32,0,3,1,False
2015-10-24,3,32,0,2,0,False
2015-10-25,3,35,0,3,1,False
2015-10-26,7,35,0,4,0,False
2015-10-27,5,34,0,5,0,False
2015-10-28,4,36,0,4,1,False
2015-10-29,5,43,0,4,1,False
2015-10-30,6,45,0,3,0,False
2015-10-31,5,36,0,3,0,False
2015-11-01,5,42,0,2,1,False
2015-11-02,5,46,0,4,1,False
2015-11-03,7,66,0,3,0,False
2015-11-04,6,87,0,5,1,False
2015-11-05,6,76,0,4,1,False
2015-11-06,5,55,0,4,1,False
2015-11-07,4,47,0,4,0,False
2015-11-08,3,43,0,6,1,False
2015-11-09,4,47,0,6,0,False
2015-11-10,4,45,0,4,1,False
2015-11-11,5,43,0,5,0,False
2015-11-12,5,41,0,5,0,False
2015-11-13,4,37,0,4,0,False
2015-11-14,3,31,0,4,0,False
2015-11-15,3,34,0,4,0,False
2015-11-16,4,37,0,4,0,False
2015-11-17,5,34,0,5,1,False
2015-11-18,5,38,0,5,1,False
2015-11-19,4,39,0,5,0,False
2015-11-20,5,39,0,5,1,False
2015-11-21,3,36,0,3,0,False
2015-11-22,3,36,0,3,1,False
2015-11-23,4,39,0,5,1,False
2015-11-24,5,35,0,4,0,False
2015-11-25,4,35,0,4,1,False
2015-11-26,4,36,0,5,1,False
2015-11-27,3,36,0,4,1,False
2015-11-28,3,35,0,3,0,False
2015-11-29,5,35,0,4,0,False
2015-11-30,5,42,0,5,0,False
2015-12-01,4,39,0,6,0,False
2015-12-02,3,36,0,6,0,False
2015-12-03,5,34,0,5,1,False
2015-12-04,4,34,0,5,0,False
2015-12-05,4,34,0,2,1,False
2015-12-06,4,35,1,3,1,False
2015-12-07,4,39,0,5,1,False
2015-12-08,5,44,0,4,0,False
2015-12-09,5,100,0,5,1,False
2015-12-10,5,65,0,6,1,False
2015-12-11,5,51,0,5,0,False
2015-12-12,4,50,0,3,1,False
2015-12-13,4,45,0,3,0,False
2015-12-14,6,46,0,5,0,False
2015-12-15,5,48,0,6,0,False
2015-12-16,5,48,0,4,1,False
2015-12-17,7,41,0,5,0,False
2015-12-18,6,40,0,5,1,False
2015-12-19,5,38,0,2,0,False
2015-12-20,5,37,0,3,0,False
2015-12-21,6,39,0,3,0,False
2015-12-22,5,36,0,3,1,False
2015-12-23,4,42,0,4,1,False
2015-12-24,4,42,0,4,1,False
2015-12-25,4,36,0,2,0,False
2015-12-26,4,40,0,2,1,False
2015-12-27,4,38,0,3,1,False
2015-12-28,5,40,0,4,0,False
2015-12-29,4,41,0,3,0,False
2015-12-30,5,36,0,4,1,False
2015-12-31,3,35,0,3,1,False
2016-01-01,3,38,0,3,1,False
2016-01-02,3,30,0,3,0,False
2016-01-03,3,27,0,3,0,False
2016-01-04,3,32,0,3,0,False
2016-01-05,4,31,0,2,1,False
2016-01-06,3,32,0,3,0,False
2016-01-07,5,37,0,4,1,False
2016-01-08,4,36,0,4,1,False
2016-01-09,3,31,0,3,0,False
2016-01-10,3,32,0,2,0,False
2016-01-11,4,32,0,3,1,False
2016-01-12,4,33,0,3,0,False
2016-01-13,4,34,0,5,0,False
2016-01-14,4,31,0,3,1,False
2016-01-15,4,47,0,5,0,False
2016-01-16,4,49,0,4,0,False
2016-01-17,2,38,0,4,0,False
2016-01-18,3,39,0,4,0,False
2016-01-19,4,39,0,4,1,False
2016-01-20,5,39,0,4,1,False
2016-01-21,4,35,0,4,0,False
2016-01-22,6,33,0,3,0,False
2016-01-23,3,33,0,2,1,False
2016-01-24,3,31,0,2,1,False
2016-01-25,5,31,0,4,1,False
2016-01-26,5,32,1,3,0,False
2016-01-27,5,34,1,5,0,False
2016-01-28,4,32,1,3,1,False
2016-01-29,5,32,1,3,1,False
2016-01-30,3,30,0,2,1,False
2016-01-31,3,29,0,3,1,False
2016-02-01,5,30,0,4,0,False
2016-02-02,5,29,0,4,1,False
2016-02-03,4,29,0,4,0,False
2016-02-04,5,31,0,4,1,False
2016-02-05,4,27,0,3,1,False
2016-02-06,4,30,0,3,0,False
2016-02-07,4,30,0,2,1,False
2016-02-08,5,30,0,4,1,False
2016-02-09,5,32,1,5,0,False
2016-02-10,6,31,0,5,1,False
2016-02-11,4,30,1,4,0,False
2016-02-12,5,31,0,5,1,False
2016-02-13,3,31,0,3,1,False
2016-02-14,3,30,0,3,1,False
2016-02-15,5,33,1,3,0,False
2016-02-16,6,36,0,4,0,False
2016-02-17,7,35,0,5,0,False
2016-02-18,6,41,0,4,0,False
2016-02-19,5,33,0,4,0,False
2016-02-20,3,34,0,4,1,False
2016-02-21,4,33,0,3,1,False
2016-02-22,7,34,0,5,0,False
2016-02-23,5,33,0,4,1,False
2016-02-24,6,32,0,5,1,False
2016-02-25,6,31,0,3,1,False
2016-02-26,5,29,1,3,1,False
2016-02-27,2,29,0,3,0,False
2016-02-28,3,29,0,3,1,False
2016-02-29,5,30,0,4,1,False
2016-03-01,5,36,0,4,0,False
2016-03-02,6,33,1,4,1,False
2016-03-03,6,33,0,4,1,False
2016-03-04,6,34,1,4,0,False
2016-03-05,4,29,1,3,1,False
2016-03-06,5,31,0,3,1,False
2016-03-07,5,32,1,4,1,False
2016-03-08,5,33,0,4,1,False
2016-03-09,6,31,0,4,1,False
2016-03-10,6,30,1,5,1,False
2016-03-11,6,30,0,4,0,False
2016-03-12,4,27,0,4,1,False
2016-03-13,4,30,1,3,1,False
2016-03-14,5,33,1,4,0,False
2016-03-15,6,31,0,4,1,False
2016-03-16,6,32,0,4,1,False
2016-03-17,6,29,0,5,1,False
2016-03-18,5,31,0,4,1,False
2016-03-19,3,28,0,3,1,False
2016-03-20,4,26,1,3,1,False
2016-03-21,4,31,0,4,1,False
2016-03-22,6,31,1,4,1,False
2016-03-23,6,28,0,4,1,False
2016-03-24,4,29,1,4,0,False
2016-03-25,4,30,0,3,0,False
2016-03-26,3,25,0,2,1,False
2016-03-27,4,29,0,3,1,False
2016-03-28,5,31,0,3,1,False
2016-03-29,5,29,0,3,1,False
2016-03-30,6,31,0,4,0,False
2016-03-31,6,32,0,4,1,False
2016-04-01,5,27,1,3,1,False
2016-04-02,3,26,0,3,1,False
2016-04-03,3,29,0,2,1,False
2016-04-04,6,29,0,5,1,False
2016-04-05,7,29,0,5,1,False
2016-04-06,6,29,0,4,1,False
2016-04-07,6,29,0,4,1,False
2016-04-08,5,29,0,4,0,False
2016-04-09,3,30,1,4,1,False
2016-04-10,4,29,0,3,0,False
2016-04-11,7,30,1,4,1,False
2016-04-12,6,33,0,4,1,False
2016-04-13,6,29,0,3,1,False
2016-04-14,6,29,0,4,0,False
2016-04-15,5,29,0,3,1,False
2016-04-16,4,28,0,2,0,False
2016-04-17,4,26,0,2,1,False
2016-04-18,6,28,0,4,1,False
2016-04-19,6,28,0,4,1,False
2016-04-20,7,30,0,4,1,False
2016-04-21,6,32,0,3,1,False
2016-04-22,6,32,0,3,1,False
2016-04-23,4,31,0,2,1,False
2016-04-24,4,33,0,3,0,False
2016-04-25,7,34,0,3,1,False
2016-04-26,7,35,0,3,1,False
2016-04-27,6,35,0,4,0,False
2016-04-28,5,40,0,4,0,False
2016-04-29,6,34,0,3,1,False
2016-04-30,4,32,0,3,0,False
2016-05-01,4,31,0,2,1,False
2016-05-02,10,100,0,3,1,False
2016-05-03,8,60,0,3,1,False
2016-05-04,9,43,1,4,1,False
2016-05-05,8,44,0,3,1,False
2016-05-06,6,42,0,3,1,False
2016-05-07,5,36,0,3,1,False
2016-05-08,6,34,0,3,0,False
2016-05-09,7,37,1,4,1,False
2016-05-10,9,37,0,3,1,False
2016-05-11,8,33,0,4,1,False
2016-05-12,7,33,0,4,1,False
2016-05-13,7,34,0,4,1,False
2016-05-14,3,30,1,3,1,False
2016-05-15,5,27,0,2,1,False
2016-05-16,6,31,0,3,1,False
2016-05-17,8,32,1,4,1,False
2016-05-18,9,32,0,3,0,False
2016-05-19,8,33,1,3,1,False
2016-05-20,7,30,0,3,1,False
2016-05-21,4,28,0,3,0,False
2016-05-22,5,28,1,3,1,False
2016-05-23,6,33,1,4,1,False
2016-05-24,6,33,1,3,1,False
2016-05-25,7,32,1,3,0,False
2016-05-26,7,31,1,4,1,False
2016-05-27,6,34,0,4,1,False
2016-05-28,4,42,1,3,1,False
2016-05-29,5,46,0,2,1,False
2016-05-30,9,45,1,3,1,False
2016-05-31,7,46,0,3,1,False
2016-06-01,8,40,1,4,1,False
2016-06-02,8,37,1,4,1,False
2016-06-03,7,44,1,4,1,False
2016-06-04,5,41,0,2,0,False
2016-06-05,6,38,1,2,1,False
2016-06-06,8,41,0,4,1,False
2016-06-07,7,41,0,5,1,False
2016-06-08,8,40,1,4,1,False
2016-06-09,8,38,1,4,1,False
2016-06-10,7,36,1,4,1,False
2016-06-11,4,36,0,2,1,False
2016-06-12,5,53,0,2,1,False
2016-06-13,8,66,0,4,1,False
2016-06-14,8,55,1,4,1,False
2016-06-15,9,48,1,4,1,False
2016-06-16,8,62,1,3,1,False
2016-06-17,9,61,1,3,2,False
2016-06-18,7,52,1,3,2,False
2016-06-19,5,49,1,3,1,False
2016-06-20,8,50,1,4,1,False
2016-06-21,7,54,1,5,1,False
2016-06-22,8,52,0,3,1,False
2016-06-23,9,54,0,3,1,False
2016-06-24,7,79,1,3,1,False
2016-06-25,5,54,0,3,1,False
2016-06-26,5,44,0,2,1,False
2016-06-27,7,51,0,3,1,False
2016-06-28,7,48,0,3,1,False
2016-06-29,7,43,0,3,1,False
2016-06-30,7,46,1,3,1,False
2016-07-01,7,39,0,3,1,False
2016-07-02,4,40,0,3,1,False
2016-07-03,4,45,0,3,1,False
2016-07-04,7,40,1,3,1,False
2016-07-05,7,41,1,4,1,False
2016-07-06,6,38,0,3,1,False
2016-07-07,8,46,0,3,1,False
2016-07-08,7,42,1,3,1,False
2016-07-09,4,54,1,3,1,False
2016-07-10,5,44,0,2,1,False
2016-07-11,6,40,0,3,1,False
2016-07-12,8,36,0,3,1,False
2016-07-13,7,40,0,3,2,False
2016-07-14,7,36,0,3,1,False
2016-07-15,6,33,0,3,1,False
2016-07-16,4,35,0,2,1,False
2016-07-17,5,32,0,2,1,False
2016-07-18,6,34,0,3,1,False
2016-07-19,7,37,0,4,1,False
2016-07-20,6,33,1,3,1,False
2016-07-21,6,33,0,3,1,False
2016-07-22,6,31,1,3,1,False
2016-07-23,4,28,1,2,1,False
2016-07-24,4,32,0,2,1,False
2016-07-25,7,33,0,4,1,False
2016-07-26,7,36,0,4,1,False
2016-07-27,6,36,1,3,1,False
2016-07-28,6,30,0,3,1,False
2016-07-29,6,32,0,3,1,False
2016-07-30,4,35,0,3,1,False
2016-07-31,4,34,0,3,1,False
2016-08-01,6,37,0,3,1,False
2016-08-02,7,41,0,4,2,False
2016-08-03,8,77,1,4,1,False
2016-08-04,8,52,0,4,1,False
2016-08-05,6,42,1,3,2,False
2016-08-06,4,34,1,3,0,False
2016-08-07,4,38,0,2,1,False
2016-08-08,5,34,0,3,1,False
2016-08-09,6,36,0,3,1,False
2016-08-10,7,34,0,4,1,False
2016-08-11,6,32,0,4,1,False
2016-08-12,5,31,0,3,1,False
2016-08-13,4,31,0,3,1,False
2016-08-14,4,31,0,2,1,False
2016-08-15,6,34,0,4,1,False
2016-08-16,7,32,0,4,1,False
2016-08-17,6,33,0,3,1,False
2016-08-18,6,33,0,4,1,False
2016-08-19,6,31,0,5,1,False
2016-08-20,4,31,0,4,1,False
2016-08-21,5,29,0,3,1,False
2016-08-22,9,34,0,4,1,False
2016-08-23,8,33,0,4,1,False
2016-08-24,9,31,0,4,1,False
2016-08-25,9,30,0,4,1,False
2016-08-26,8,32,0,5,1,False
2016-08-27,4,34,0,3,1,False
2016-08-28,6,31,0,4,1,False
2016-08-29,7,31,0,3,1,False
2016-08-30,8,31,0,4,1,False
2016-08-31,7,29,0,4,1,False
2016-09-01,8,31,0,4,1,False
2016-09-02,7,26,0,2,1,False
2016-09-03,6,26,0,2,1,False
2016-09-04,5,29,0,2,1,False
2016-09-05,6,27,0,2,1,False
2016-09-06,6,26,0,3,1,False
2016-09-07,6,27,0,3,1,False
2016-09-08,7,31,0,3,1,False
2016-09-09,6,29,0,3,1,False
2016-09-10,5,30,0,3,1,False
2016-09-11,3,27,0,2,1,False
2016-09-12,6,30,0,3,1,False
2016-09-13,7,28,0,3,1,False
2016-09-14,6,26,0,2,1,False
2016-09-15,7,28,0,3,1,False
2016-09-16,7,27,0,3,1,False
2016-09-17,4,26,0,2,1,False
2016-09-18,4,28,0,3,1,False
2016-09-19,6,27,0,3,1,False
2016-09-20,8,26,0,3,1,False
2016-09-21,8,30,0,3,1,False
2016-09-22,6,26,0,2,1,False
2016-09-23,6,28,0,3,1,False
2016-09-24,4,25,0,3,1,False
2016-09-25,4,25,0,1,1,False
2016-09-26,6,25,0,3,1,False
2016-09-27,7,27,0,3,1,False
2016-09-28,6,26,0,3,1,False
2016-09-29,8,27,0,3,1,False
2016-09-30,6,27,0,3,1,False
2016-10-01,4,26,0,3,1,False
2016-10-02,4,23,0,2,1,False
2016-10-03,6,26,0,3,1,False
2016-10-04,7,27,0,3,1,False
2016-10-05,7,26,0,3,1,False
2016-10-06,7,26,0,3,1,False
2016-10-07,6,26,0,2,1,False
2016-10-08,4,25,0,3,1,False
2016-10-09,5,28,0,2,1,False
2016-10-10,8,27,0,3,1,False
2016-10-11,7,32,0,2,1,False
2016-10-12,9,30,0,4,1,False
2016-10-13,9,32,1,3,1,False
2016-10-14,6,28,0,4,1,False
2016-10-15,5,28,0,2,1,False
2016-10-16,5,27,0,2,1,False
2016-10-17,7,28,0,4,1,False
2016-10-18,8,29,0,3,1,False
2016-10-19,8,28,0,3,1,False
2016-10-20,8,28,0,4,1,False
2016-10-21,7,24,0,2,1,False
2016-10-22,5,27,0,2,1,False
2016-10-23,6,31,0,2,1,False
2016-10-24,8,29,0,3,1,False
2016-10-25,9,31,1,3,1,False
2016-10-26,8,32,0,3,1,False
2016-10-27,9,34,0,3,1,False
2016-10-28,7,37,0,3,1,False
2016-10-29,5,40,1,2,2,False
2016-10-30,6,35,0,2,1,False
2016-10-31,7,35,0,3,1,False
2016-11-01,7,38,0,3,1,False
2016-11-02,8,34,0,3,1,False
2016-11-03,7,37,0,3,1,False
2016-11-04,8,35,0,3,1,False
2016-11-05,5,36,0,3,1,False
2016-11-06,5,34,0,3,1,False
2016-11-07,8,34,0,4,1,False
2016-11-08,9,32,0,4,1,False
2016-11-09,7,49,0,3,1,False
2016-11-10,8,34,0,3,1,False
2016-11-11,8,34,0,4,1,False
2016-11-12,5,35,0,2,1,False
2016-11-13,6,35,0,3,1,False
2016-11-14,7,34,0,4,1,False
2016-11-15,8,34,0,4,1,False
2016-11-16,9,35,0,4,1,False
2016-11-17,9,39,0,3,1,False
2016-11-18,8,33,0,3,1,False
2016-11-19,5,35,0,3,1,False
2016-11-20,6,35,0,3,1,False
2016-11-21,9,36,0,3,1,False
2016-11-22,10,37,0,4,1,False
2016-11-23,9,36,0,4,1,False
2016-11-24,9,36,0,3,1,False
2016-11-25,7,34,0,2,1,False
2016-11-26,6,32,0,3,1,False
2016-11-27,6,34,0,3,1,False
2016-11-28,8,35,0,4,1,False
2016-11-29,8,36,0,4,1,False
2016-11-30,9,33,0,4,1,False
2016-12-01,9,37,0,4,1,False
2016-12-02,8,39,0,4,1,False
2016-12-03,5,34,0,2,1,False
2016-12-04,6,35,0,3,1,False
2016-12-05,9,38,0,4,1,False
2016-12-06,9,36,0,3,1,False
2016-12-07,9,35,0,4,1,False
2016-12-08,8,39,0,3,2,False
2016-12-09,8,36,0,4,1,False
2016-12-10,6,32,0,3,1,False
2016-12-11,6,33,0,2,1,False
2016-12-12,9,35,0,3,1,False
2016-12-13,9,37,0,4,2,False
2016-12-14,8,36,0,4,1,False
2016-12-15,8,33,0,3,1,False
2016-12-16,8,34,0,3,1,False
2016-12-17,5,34,0,3,1,False
2016-12-18,5,33,0,2,1,False
2016-12-19,8,36,0,3,1,False
2016-12-20,7,36,0,2,1,False
2016-12-21,8,44,0,3,1,False
2016-12-22,8,51,0,4,1,False
2016-12-23,6,60,0,3,1,False
2016-12-24,6,52,0,2,1,False
2016-12-25,5,48,0,2,1,False
2016-12-26,5,44,0,2,1,False
2016-12-27,7,53,0,3,1,False
2016-12-28,7,61,0,3,1,False
2016-12-29,6,57,0,2,1,False
2016-12-30,6,51,0,2,1,False
2016-12-31,5,44,1,3,1,False
2017-01-01,4,47,0,2,1,False
2017-01-02,7,80,0,3,2,False
2017-01-03,9,69,1,4,2,False
2017-01-04,9,84,0,4,2,False
2017-01-05,9,100,0,3,3,False
2017-01-06,9,84,0,3,2,False
2017-01-07,7,73,0,4,2,False
2017-01-08,6,63,1,3,1,False
2017-01-09,8,61,0,3,1,False
2017-01-10,9,55,0,3,1,False
2017-01-11,9,67,0,4,1,False
2017-01-12,9,69,1,4,2,False
2017-01-13,9,58,0,3,1,False
2017-01-14,5,52,0,3,1,False
2017-01-15,5,47,0,3,1,False
2017-01-16,7,50,0,3,2,False
2017-01-17,10,54,0,4,1,False
2017-01-18,9,54,0,4,1,False
2017-01-19,8,46,0,4,1,False
2017-01-20,9,45,0,3,2,False
2017-01-21,6,42,0,2,1,False
2017-01-22,5,44,0,2,1,False
2017-01-23,9,42,0,3,1,False
2017-01-24,10,47,0,4,1,False
2017-01-25,9,45,0,4,1,False
2017-01-26,10,44,0,3,2,False
2017-01-27,8,43,0,3,1,False
2017-01-28,6,42,0,3,2,False
2017-01-29,6,39,0,3,1,False
2017-01-30,8,41,0,4,1,False
2017-01-31,10,46,0,4,1,False
2017-02-01,8,47,0,3,1,False
2017-02-02,10,50,0,4,1,False
2017-02-03,8,51,0,3,1,False
2017-02-04,5,46,0,3,1,False
2017-02-05,6,44,0,3,1,False
2017-02-06,9,46,0,3,1,False
2017-02-07,9,50,0,3,1,False
2017-02-08,9,52,0,4,1,False
2017-02-09,10,58,0,4,1,False
2017-02-10,10,48,0,3,1,False
2017-02-11,6,47,0,3,1,False
2017-02-12,5,45,0,3,1,False
2017-02-13,10,46,0,3,1,False
2017-02-14,9,44,0,3,1,False
2017-02-15,11,45,0,4,1,False
2017-02-16,9,46,0,3,1,False
2017-02-17,9,49,0,3,2,False
2017-02-18,7,48,1,2,1,False
2017-02-19,5,42,0,3,1,False
2017-02-20,10,46,0,3,1,False
2017-02-21,9,54,0,3,1,False
2017-02-22,11,53,0,4,1,False
2017-02-23,10,60,0,4,2,False
2017-02-24,9,69,0,3,1,False
2017-02-25,8,57,0,4,2,False
2017-02-26,7,48,0,4,1,False
2017-02-27,10,54,1,4,1,False
2017-02-28,11,54,0,4,1,False
2017-03-01,11,58,0,4,2,False
2017-03-02,11,67,1,3,2,False
2017-03-03,11,98,1,4,2,False
2017-03-04,8,71,0,3,2,False
2017-03-05,8,62,0,3,2,False
2017-03-06,11,68,1,4,1,False
2017-03-07,13,68,0,4,2,False
2017-03-08,9,74,0,4,1,False
2017-03-09,11,71,0,4,1,False
2017-03-10,10,92,0,3,2,False
2017-03-11,8,78,1,3,1,False
2017-03-12,8,61,1,3,2,False
2017-03-13,10,62,1,5,2,False
2017-03-14,10,58,0,3,2,False
2017-03-15,11,59,1,4,2,False
2017-03-16,11,62,2,5,3,False
2017-03-17,10,66,2,4,3,False
2017-03-18,7,71,1,4,3,False
2017-03-19,8,61,1,3,2,False
2017-03-20,11,61,1,5,3,False
2017-03-21,12,60,1,4,3,False
2017-03-22,11,62,1,4,3,False
2017-03-23,12,57,1,5,3,False
2017-03-24,11,59,1,4,2,False
2017-03-25,8,61,1,4,2,False
2017-03-26,8,53,1,3,3,False
2017-03-27,11,57,1,5,2,False
2017-03-28,10,55,1,4,2,False
2017-03-29,11,54,1,4,3,False
2017-03-30,10,50,0,3,3,False
2017-03-31,9,51,0,4,3,False
2017-04-01,7,50,1,3,3,False
2017-04-02,8,51,1,3,3,False
2017-04-03,10,52,1,4,3,False
2017-04-04,11,53,0,5,2,False
2017-04-05,11,51,1,4,2,False
2017-04-06,9,54,1,5,2,False
2017-04-07,9,49,0,4,2,False
2017-04-08,7,48,1,4,2,False
2017-04-09,6,49,0,3,2,False
2017-04-10,11,55,0,5,2,False
2017-04-11,10,57,1,4,2,False
2017-04-12,9,56,0,4,3,False
2017-04-13,10,52,1,4,2,False
2017-04-14,10,48,0,4,2,False
2017-04-15,6,47,1,4,2,False
2017-04-16,6,49,0,3,3,False
2017-04-17,8,52,0,4,3,False
2017-04-18,11,53,0,4,2,False
2017-04-19,10,52,1,5,2,False
2017-04-20,11,49,0,4,2,False
2017-04-21,11,50,1,4,3,False
2017-04-22,7,51,0,4,2,False
2017-04-23,5,48,1,4,2,False
2017-04-24,12,50,1,5,2,False
2017-04-25,11,55,1,5,3,False
2017-04-26,11,59,1,4,3,False
2017-04-27,12,61,1,4,3,False
2017-04-28,11,60,1,5,4,False
2017-04-29,7,55,1,4,3,False
2017-04-30,7,54,1,5,3,False
2017-05-01,10,69,1,5,4,False
2017-05-02,1,4,0,0,0,False
2017-05-03,1,4,0,0,0,False
2017-05-04,1,5,0,0,0,False
2017-05-05,1,5,0,0,0,False
2017-05-06,0,4,0,0,0,False
2017-05-07,1,4,0,0,0,False
2017-05-08,1,5,0,0,0,False
2017-05-09,1,6,0,0,0,False
2017-05-10,1,5,0,0,0,False
2017-05-11,1,6,0,0,0,False
2017-05-12,1,7,0,0,0,False
2017-05-13,1,7,0,0,0,False
2017-05-14,1,6,0,0,0,False
2017-05-15,1,9,0,0,0,False
2017-05-16,1,8,0,0,0,False
2017-05-17,1,7,0,0,0,False
2017-05-18,1,6,0,0,0,False
2017-05-19,1,6,0,0,0,False
2017-05-20,1,7,0,0,0,False
2017-05-21,1,7,0,0,0,False
2017-05-22,1,11,0,1,1,False
2017-05-23,1,11,0,1,1,False
2017-05-24,1,12,0,1,1,False
2017-05-25,1,16,0,1,1,False
2017-05-26,1,13,0,0,1,False
2017-05-27,1,11,0,0,1,False
2017-05-28,1,9,0,0,1,False
2017-05-29,1,8,0,0,0,False
2017-05-30,1,8,0,1,1,False
2017-05-31,1,8,0,1,1,False
2017-06-01,1,8,0,1,1,False
2017-06-02,1,7,0,0,1,False
2017-06-03,1,6,0,0,1,False
2017-06-04,1,6,0,1,1,False
2017-06-05,1,7,0,0,1,False
2017-06-06,1,10,0,1,1,False
2017-06-07,1,8,0,1,1,False
2017-06-08,1,7,0,1,1,False
2017-06-09,1,7,0,1,1,False
2017-06-10,1,7,0,1,1,False
2017-06-11,1,7,0,1,1,False
2017-06-12,1,9,0,1,1,False
2017-06-13,1,8,0,1,1,False
2017-06-14,1,8,0,1,1,False
2017-06-15,1,10,0,1,1,False
2017-06-16,1,8,0,1,1,False
2017-06-17,1,7,0,1,1,False
2017-06-18,1,6,0,1,1,False
2017-06-19,1,6,0,1,1,False
2017-06-20,1,7,0,1,1,False
2017-06-21,1,7,0,1,1,False
2017-06-22,1,7,0,1,1,False
2017-06-23,1,7,0,1,1,False
2017-06-24,1,6,0,1,1,False
2017-06-25,1,6,0,1,1,False
2017-06-26,1,7,0,1,1,False
2017-06-27,1,8,0,1,1,False
2017-06-28,1,8,0,1,1,False
2017-06-29,1,7,0,1,1,False
2017-06-30,1,6,0,0,1,False
2017-07-01,1,5,0,0,1,False
2017-07-02,1,6,0,1,1,False
2017-07-03,1,6,0,1,1,False
2017-07-04,1,5,0,1,1,False
2017-07-05,1,6,0,1,1,False
2017-07-06,1,6,0,1,1,False
2017-07-07,1,5,0,1,1,False
2017-07-08,1,5,0,0,1,False
2017-07-09,1,5,0,0,1,False
2017-07-10,1,6,0,1,1,False
2017-07-11,1,7,0,1,1,False
2017-07-12,1,7,0,1,1,False
2017-07-13,1,6,0,1,1,False
2017-07-14,1,6,0,0,1,False
2017-07-15,1,7,0,1,1,False
2017-07-16,1,8,0,1,1,False
2017-07-17,1,7,0,1,1,False
2017-07-18,1,7,0,1,1,False
2017-07-19,1,7,0,1,1,False
2017-07-20,1,7,0,0,1,False
2017-07-21,1,8,0,1,1,False
2017-07-22,1,6,0,0,1,False
2017-07-23,1,6,0,0,1,False
2017-07-24,1,7,0,1,1,False
2017-07-25,1,7,0,1,1,False
2017-07-26,1,7,0,1,1,False
2017-07-27,1,6,0,0,1,False
2017-07-28,1,7,0,0,1,False
2017-07-29,1,6,0,0,1,False
2017-07-30,1,6,0,0,1,False
2017-07-31,1,8,0,0,1,False
2017-08-01,1,13,0,1,1,False
2017-08-02,1,12,0,1,1,False
2017-08-03,1,8,0,1,1,False
2017-08-04,1,7,0,1,1,False
2017-08-05,1,9,0,1,1,False
2017-08-06,1,8,0,1,1,False
2017-08-07,1,9,0,1,1,False
2017-08-08,1,9,0,1,1,False
2017-08-09,1,9,0,1,1,False
2017-08-10,1,8,0,1,1,False
2017-08-11,1,9,0,1,1,False
2017-08-12,1,10,0,1,1,False
2017-08-13,1,12,0,1,1,False
2017-08-14,1,14,0,1,1,False
2017-08-15,1,14,0,1,1,False
2017-08-16,1,12,0,1,1,False
2017-08-17,1,11,0,1,1,False
2017-08-18,1,12,0,1,1,False
2017-08-19,1,11,0,1,1,False
2017-08-20,1,10,0,1,1,False
2017-08-21,1,10,0,1,1,False
2017-08-22,1,11,0,1,1,False
2017-08-23,1,10,0,1,1,False
2017-08-24,1,9,0,1,1,False
2017-08-25,1,10,0,1,1,False
2017-08-26,1,9,0,1,1,False
2017-08-27,1,8,0,1,1,False
2017-08-28,1,9,0,1,1,False
2017-08-29,1,10,0,1,1,False
2017-08-30,1,11,0,1,1,False
2017-08-31,1,12,0,1,1,False
2017-09-01,1,12,0,1,1,False
2017-09-02,1,12,0,1,1,False
2017-09-03,1,10,0,1,1,False
2017-09-04,1,12,0,1,1,False
2017-09-05,1,13,0,1,1,False
2017-09-06,1,11,0,1,1,False
2017-09-07,1,10,0,1,1,False
2017-09-08,1,11,0,1,1,False
2017-09-09,1,9,0,1,1,False
2017-09-10,1,9,0,1,1,False
2017-09-11,1,10,0,1,1,False
2017-09-12,1,10,0,1,1,False
2017-09-13,1,14,0,1,1,False
2017-09-14,1,16,0,1,1,False
2017-09-15,1,18,0,1,1,False
2017-09-16,1,12,0,1,1,False
2017-09-17,1,10,0,1,1,False
2017-09-18,1,12,0,1,1,False
2017-09-19,1,11,0,1,1,False
2017-09-20,1,9,0,1,1,False
2017-09-21,1,9,0,1,1,False
2017-09-22,1,9,0,1,1,False
2017-09-23,1,7,0,1,1,False
2017-09-24,1,7,0,1,1,False
2017-09-25,1,8,0,1,1,False
2017-09-26,1,8,0,1,1,False
2017-09-27,1,8,0,1,1,False
2017-09-28,1,8,0,1,1,False
2017-09-29,1,8,0,1,1,False
2017-09-30,1,7,0,1,1,False
2017-10-01,1,7,0,1,1,False
2017-10-02,1,8,0,1,1,False
2017-10-03,1,8,0,1,1,False
2017-10-04,1,8,0,1,1,False
2017-10-05,1,8,0,1,1,False
2017-10-06,1,7,0,1,1,False
2017-10-07,1,7,0,1,1,False
2017-10-08,1,8,0,1,1,False
2017-10-09,1,9,0,1,1,False
2017-10-10,1,9,0,1,1,False
2017-10-11,1,9,0,1,1,False
2017-10-12,1,16,0,1,1,False
2017-10-13,2,18,0,1,1,False
2017-10-14,1,12,0,1,1,False
2017-10-15,1,12,0,1,1,False
2017-10-16,2,12,0,1,1,False
2017-10-17,2,11,0,1,1,False
2017-10-18,1,12,0,1,1,False
2017-10-19,1,11,0,1,1,False
2017-10-20,1,12,0,1,1,False
2017-10-21,1,14,0,1,1,False
2017-10-22,1,12,0,1,1,False
2017-10-23,2,14,0,1,1,False
2017-10-24,2,15,0,1,1,False
2017-10-25,2,13,0,1,1,False
2017-10-26,2,13,0,1,1,False
2017-10-27,1,11,0,1,1,False
2017-10-28,1,10,0,1,1,False
2017-10-29,1,10,0,1,1,False
2017-10-30,1,13,0,1,1,False
2017-10-31,1,14,0,1,1,False
2017-11-01,2,18,0,1,1,False
2017-11-02,2,24,0,1,1,False
2017-11-03,2,22,0,1,1,False
2017-11-04,1,17,0,1,1,False
2017-11-05,1,17,0,1,1,False
2017-11-06,2,17,0,1,1,False
2017-11-07,2,16,0,1,1,False
2017-11-08,2,18,0,1,1,False
2017-11-09,2,17,0,1,1,False
2017-11-10,2,21,0,1,1,False
2017-11-11,1,20,0,1,1,False
2017-11-12,1,25,0,1,2,False
2017-11-13,2,22,0,1,1,False
2017-11-14,2,17,0,1,1,False
2017-11-15,2,17,0,1,1,False
2017-11-16,2,18,0,1,1,False
2017-11-17,2,20,0,1,1,False
2017-11-18,1,15,0,1,1,False
2017-11-19,1,15,0,1,1,False
2017-11-20,2,19,0,1,1,False
2017-11-21,2,20,0,1,2,False
2017-11-22,2,18,0,1,2,False
2017-11-23,2,16,0,1,1,False
2017-11-24,2,15,0,1,2,False
2017-11-25,1,16,0,1,2,False
2017-11-26,1,24,0,1,2,False
2017-11-27,2,32,0,2,2,False
2017-11-28,2,38,0,2,3,False
2017-11-29,3,63,0,2,4,False
2017-11-30,2,50,0,2,3,False
2017-12-01,2,38,0,2,3,False
2017-12-02,2,30,0,2,2,False
2017-12-03,2,30,0,2,3,False
2017-12-04,2,35,0,2,3,False
2017-12-05,2,35,0,3,3,False
2017-12-06,3,47,0,3,4,False
2017-12-07,4,98,0,3,5,False
2017-12-08,3,88,0,3,4,False
2017-12-09,2,58,0,3,4,False
2017-12-10,2,55,0,2,3,False
2017-12-11,3,63,0,3,4,False
2017-12-12,3,60,1,4,6,False
2017-12-13,3,53,0,4,7,False
2017-12-14,3,46,0,4,6,False
2017-12-15,3,43,0,3,5,False
2017-12-16,2,41,0,3,5,False
2017-12-17,2,46,0,4,5,False
2017-12-18,3,50,0,4,5,False
2017-12-19,3,51,0,5,6,False
2017-12-20,3,70,0,5,6,False
2017-12-21,4,52,0,5,6,False
2017-12-22,4,100,0,6,9,False
2017-12-23,2,62,0,4,6,False
2017-12-24,2,49,0,3,5,False
2017-12-25,2,41,0,3,4,False
2017-12-26,2,40,0,3,4,False
2017-12-27,2,38,0,3,4,False
2017-12-28,2,39,0,3,4,False
2017-12-29,2,34,0,4,5,False
2017-12-30,2,34,0,4,6,False
2017-12-31,2,28,0,4,5,False
2018-01-01,2,27,0,4,4,False
2018-01-02,4,54,1,8,10,False
2018-01-03,4,54,1,9,12,False
2018-01-04,5,53,1,11,14,False
2018-01-05,5,52,1,11,13,False
2018-01-06,4,44,0,10,11,False
2018-01-07,4,46,1,10,12,False
2018-01-08,5,51,1,10,12,False
2018-01-09,5,48,1,10,11,False
2018-01-10,6,50,1,10,12,False
2018-01-11,5,56,1,10,12,False
2018-01-12,5,47,1,8,9,False
2018-01-13,4,39,1,8,9,False
2018-01-14,4,37,1,7,8,False
2018-01-15,4,38,0,7,8,False
2018-01-16,5,74,1,14,17,False
2018-01-17,5,100,1,11,15,False
2018-01-18,5,69,1,8,10,False
2018-01-19,4,51,0,7,8,False
2018-01-20,3,43,0,6,6,False
2018-01-21,3,39,0,6,6,False
2018-01-22,4,45,0,6,7,False
2018-01-23,4,45,0,6,6,False
2018-01-24,4,40,0,6,6,False
2018-01-25,4,37,0,6,6,False
2018-01-26,4,38,0,6,6,False
2018-01-27,3,33,0,5,5,False
2018-01-28,3,31,0,5,6,False
2018-01-29,4,32,0,5,6,False
2018-01-30,4,36,0,6,6,False
2018-01-31,3,39,0,5,6,False
2018-02-01,4,50,0,6,8,False
2018-02-02,3,64,0,7,9,False
2018-02-03,2,42,0,4,5,False
2018-02-04,2,37,0,5,5,False
2018-02-05,3,64,0,7,8,False
2018-02-06,3,81,0,7,9,False
2018-02-07,3,51,0,5,6,False
2018-02-08,3,43,0,4,5,False
2018-02-09,3,38,0,4,5,False
2018-02-10,2,31,0,4,4,False
2018-02-11,2,28,0,4,4,False
2018-02-12,3,31,0,4,4,False
2018-02-13,3,28,0,4,4,False
2018-02-14,3,29,0,4,4,False
2018-02-15,3,31,0,4,4,False
2018-02-16,3,29,0,4,4,False
2018-02-17,2,27,0,3,3,False
2018-02-18,2,27,0,3,4,False
2018-02-19,3,25,0,4,3,False
2018-02-20,3,28,0,4,4,False
2018-02-21,3,29,0,4,4,False
2018-02-22,3,26,0,4,4,False
2018-02-23,3,23,0,3,3,False
2018-02-24,2,20,0,3,3,False
2018-02-25,2,19,0,3,3,False
2018-02-26,3,22,0,3,3,False
2018-02-27,3,22,0,3,3,False
2018-02-28,3,21,0,3,3,False
2018-03-01,3,20,0,3,3,False
2018-03-02,3,20,0,3,2,False
2018-03-03,2,19,0,3,2,False
2018-03-04,2,18,0,3,2,False
2018-03-05,3,19,0,3,3,False
2018-03-06,3,19,0,3,3,False
2018-03-07,3,22,0,4,3,False
2018-03-08,3,22,0,3,3,False
2018-03-09,3,24,0,3,3,False
2018-03-10,2,18,0,2,2,False
2018-03-11,2,17,0,2,2,False
2018-03-12,3,20,0,3,3,False
2018-03-13,3,18,0,3,3,False
2018-03-14,3,22,0,3,3,False
2018-03-15,3,24,0,3,4,False
2018-03-16,3,20,0,3,3,False
2018-03-17,2,18,0,2,3,False
2018-03-18,2,22,0,3,4,False
2018-03-19,3,21,0,3,3,False
2018-03-20,3,20,0,3,3,False
2018-03-21,3,18,0,3,2,False
2018-03-22,3,18,0,3,2,False
2018-03-23,2,17,0,2,2,False
2018-03-24,2,15,0,2,2,False
2018-03-25,2,15,0,2,2,False
2018-03-26,3,21,0,3,2,False
2018-03-27,3,19,0,3,3,False
2018-03-28,3,17,0,3,2,False
2018-03-29,2,20,0,3,3,False
2018-03-30,2,23,0,3,3,False
2018-03-31,2,17,0,2,2,False
2018-04-01,2,18,0,2,2,False
2018-04-02,2,20,0,2,2,False
2018-04-03,2,18,0,2,2,False
2018-04-04,3,18,0,2,2,False
2018-04-05,3,18,0,3,2,False
2018-04-06,3,19,0,2,2,False
2018-04-07,2,15,0,2,2,False
